path,label,sha256
/root/.cache/kagglehub/datasets/tawsifurrahman/covid19-radiography-database/versions/5/COVID-19_Radiography_Dataset/COVID/images/COVID-3374.png,COVID,9b635a74eca3e8c8479c8e7b7cac011788013d3963fce15782305ca4d7f4dd99
/root/.cache/kagglehub/datasets/tawsifurrahman/covid19-radiography-database/versions/5/COVID-19_Radiography_Dataset/COVID/images/COVID-2492.png,COVID,5a716b88738070c5c4d28a5bc7e97153c5f6a6c25267323290614d770e83cc69
/root/.cache/kagglehub/datasets/tawsifurrahman/covid19-radiography-database/versions/5/COVID-19_Radiography_Dataset/COVID/images/COVID-3141.png,COVID,afa70e4e90d581b062b77f897d4051df1d5105fab975c32b0232ca7644f93ee4
/root/.cache/kagglehub/datasets/tawsifurrahman/covid19-radiography-database/versions/5/COVID-19_Radiography_Dataset/COVID/images/COVID-3591.png,COVID,9ed9c5b286f80225d6804e4862d00883bc089ffd6c057fbe7dd868c158689cd0
/root/.cache/kagglehub/datasets/tawsifurrahman/covid19-radiography-database/versions/5/COVID-19_Radiography_Dataset/COVID/images/COVID-137.png,COVID,e436c2a3cf733557704633c5bb91adca220e7a3d73b4ab4db95bc67bc484eb3c
/root/.cache/kagglehub/datasets/tawsifurrahman/covid19-radiography-database/versions/5/COVID-19_Radiography_Dataset/COVID/images/COVID-3373.png,COVID,9b635a74eca3e8c8479c8e7b7cac011788013d3963fce15782305ca4d7f4dd99
/root/.cache/kagglehub/datasets/tawsifurrahman/covid19-radiography-database/versions/5/COVID-19_Radiography_Dataset/COVID/images/COVID-3299.png,COVID,e4b8c4e0df346cbdc91f4c192b970fc9bfb91cd376abdf3013f284a6a83870f5
/root/.cache/kagglehub/datasets/tawsifurrahman/covid19-radiography-database/versions/5/COVID-19_Radiography_Dataset/COVID/images/COVID-3376.png,COVID,9b635a74eca3e8c8479c8e7b7cac011788013d3963fce15782305ca4d7f4dd99
/root/.cache/kagglehub/datasets/tawsifurrahman/covid19-radiography-database/versions/5/COVID-19_Radiography_Dataset/COVID/images/COVID-2811.png,COVID,018f9fd3a0b986346ef6c18700e9091911415168bca59dbaa70bd25d04e85a43
/root/.cache/kagglehub/datasets/tawsifurrahman/covid19-radiography-database/versions/5/COVID-19_Radiography_Dataset/COVID/images/COVID-2808.png,COVID,493a666b1c82e87061d503db8b59def0ceb2230de239426fc20ac4299d098452
/root/.cache/kagglehub/datasets/tawsifurrahman/covid19-radiography-database/versions/5/COVID-19_Radiography_Dataset/COVID/images/COVID-321.png,COVID,d262a62731208d25f8e4b1047fbdf81aa19957b222b23939380255314322d34d
/root/.cache/kagglehub/datasets/tawsifurrahman/covid19-radiography-database/versions/5/COVID-19_Radiography_Dataset/COVID/images/COVID-3142.png,COVID,afa70e4e90d581b062b77f897d4051df1d5105fab975c32b0232ca7644f93ee4
/root/.cache/kagglehub/datasets/tawsifurrahman/covid19-radiography-database/versions/5/COVID-19_Radiography_Dataset/COVID/images/COVID-277.png,COVID,92d1631b3eb5e1cf1517f3997ceb4bd20c9d75ddc792fb7b948286fcd887b5c8
/root/.cache/kagglehub/datasets/tawsifurrahman/covid19-radiography-database/versions/5/COVID-19_Radiography_Dataset/COVID/images/COVID-3144.png,COVID,afa70e4e90d581b062b77f897d4051df1d5105fab975c32b0232ca7644f93ee4
/root/.cache/kagglehub/datasets/tawsifurrahman/covid19-radiography-database/versions/5/COVID-19_Radiography_Dataset/COVID/images/COVID-3488.png,COVID,4e7994d38b85932e6e8da117c4a325b0b46ee96ca72e7aeca6a8515670cf1de0
/root/.cache/kagglehub/datasets/tawsifurrahman/covid19-radiography-database/versions/5/COVID-19_Radiography_Dataset/COVID/images/COVID-2718.png,COVID,c5f965cda893ce54eab4e1e74e485f135e2561ed5d7751018be3ca98132fcaa2
/root/.cache/kagglehub/datasets/tawsifurrahman/covid19-radiography-database/versions/5/COVID-19_Radiography_Dataset/COVID/images/COVID-2423.png,COVID,d35407ca8769bdf8d6b095ab898a7ef8a45099889b8aee3597bb26d18df8edb6
/root/.cache/kagglehub/datasets/tawsifurrahman/covid19-radiography-database/versions/5/COVID-19_Radiography_Dataset/COVID/images/COVID-3207.png,COVID,be20cbbc8854f2d134abb5bb3a762767174c3cf8807d8f278e073a1a2762f88d
/root/.cache/kagglehub/datasets/tawsifurrahman/covid19-radiography-database/versions/5/COVID-19_Radiography_Dataset/COVID/images/COVID-2716.png,COVID,c5f965cda893ce54eab4e1e74e485f135e2561ed5d7751018be3ca98132fcaa2
/root/.cache/kagglehub/datasets/tawsifurrahman/covid19-radiography-database/versions/5/COVID-19_Radiography_Dataset/COVID/images/COVID-49.png,COVID,bdf0eda45deea08bbb32bacec75a561fb7a208ddd6d50121aa5ac1c18ff1b2a4
/root/.cache/kagglehub/datasets/tawsifurrahman/covid19-radiography-database/versions/5/COVID-19_Radiography_Dataset/COVID/images/COVID-3426.png,COVID,931d7b847e24b3fa6148a52eef83233c9b776b1e1049545938f527dc991b002e
/root/.cache/kagglehub/datasets/tawsifurrahman/covid19-radiography-database/versions/5/COVID-19_Radiography_Dataset/COVID/images/COVID-3402.png,COVID,367ce48c2e437ecf734eeb0981cfc1d677917b9320a957c0d9903321bb77ba1a
/root/.cache/kagglehub/datasets/tawsifurrahman/covid19-radiography-database/versions/5/COVID-19_Radiography_Dataset/COVID/images/COVID-2719.png,COVID,c5f965cda893ce54eab4e1e74e485f135e2561ed5d7751018be3ca98132fcaa2
/root/.cache/kagglehub/datasets/tawsifurrahman/covid19-radiography-database/versions/5/COVID-19_Radiography_Dataset/COVID/images/COVID-2804.png,COVID,1c936aadb8863220b08af52c4b133f387051950331bbb45bc1b056169caea2c8
/root/.cache/kagglehub/datasets/tawsifurrahman/covid19-radiography-database/versions/5/COVID-19_Radiography_Dataset/COVID/images/COVID-2677.png,COVID,98df4617c142229b0250418fa827490a0058d10baaebd87037ffe3b9f5e1e275
/root/.cache/kagglehub/datasets/tawsifurrahman/covid19-radiography-database/versions/5/COVID-19_Radiography_Dataset/COVID/images/COVID-21.png,COVID,f49fb3b7facce5d8aca0742592264916f520992c125bd658e3e7541b8d7bb275
/root/.cache/kagglehub/datasets/tawsifurrahman/covid19-radiography-database/versions/5/COVID-19_Radiography_Dataset/COVID/images/COVID-2085.png,COVID,d96571cbe40c838d352659f522fd635bf8f07955c75e9ce1e47d33367266fd59
/root/.cache/kagglehub/datasets/tawsifurrahman/covid19-radiography-database/versions/5/COVID-19_Radiography_Dataset/COVID/images/COVID-3516.png,COVID,e1d5a8c7736dbae91d774a6513210f19322c2bd8ea1eb4d10ff0ce85e9a8d97b
/root/.cache/kagglehub/datasets/tawsifurrahman/covid19-radiography-database/versions/5/COVID-19_Radiography_Dataset/COVID/images/COVID-2823.png,COVID,f27bcedf63a75fd3bbc5acc24bc82fc8ff606ab141d651a92be98e51a46e9309
/root/.cache/kagglehub/datasets/tawsifurrahman/covid19-radiography-database/versions/5/COVID-19_Radiography_Dataset/COVID/images/COVID-2774.png,COVID,7df0e151c8f765defd5c99739d6e2adc9e3d6471ef0d5f176ba1b5595cb75d16
/root/.cache/kagglehub/datasets/tawsifurrahman/covid19-radiography-database/versions/5/COVID-19_Radiography_Dataset/COVID/images/COVID-2421.png,COVID,17163011d42f04f3c7bc42c62f41dce27f0ef8c302a0c2c74d8b9bdf7d71b908
/root/.cache/kagglehub/datasets/tawsifurrahman/covid19-radiography-database/versions/5/COVID-19_Radiography_Dataset/COVID/images/COVID-2810.png,COVID,018f9fd3a0b986346ef6c18700e9091911415168bca59dbaa70bd25d04e85a43
/root/.cache/kagglehub/datasets/tawsifurrahman/covid19-radiography-database/versions/5/COVID-19_Radiography_Dataset/COVID/images/COVID-3222.png,COVID,6f1b4f22c3bf625b14110b4cd66c0fcfaedb443e89250484777def1eb0db2270
/root/.cache/kagglehub/datasets/tawsifurrahman/covid19-radiography-database/versions/5/COVID-19_Radiography_Dataset/COVID/images/COVID-2942.png,COVID,b21cd068ba4a35686d0f1b2e41a9c43d188498a1fe10ee81454efd12fac95e97
/root/.cache/kagglehub/datasets/tawsifurrahman/covid19-radiography-database/versions/5/COVID-19_Radiography_Dataset/COVID/images/COVID-3428.png,COVID,acb262c6c3fe2270f95dff10f8d4ddb2ce1c27807e4546154bba69286fa1a881
/root/.cache/kagglehub/datasets/tawsifurrahman/covid19-radiography-database/versions/5/COVID-19_Radiography_Dataset/COVID/images/COVID-2715.png,COVID,c5f965cda893ce54eab4e1e74e485f135e2561ed5d7751018be3ca98132fcaa2
/root/.cache/kagglehub/datasets/tawsifurrahman/covid19-radiography-database/versions/5/COVID-19_Radiography_Dataset/COVID/images/COVID-3573.png,COVID,a9de855ef065054beff44ab15343e0ded16ab4b4ef81e35dacc77a6c650d50d2
/root/.cache/kagglehub/datasets/tawsifurrahman/covid19-radiography-database/versions/5/COVID-19_Radiography_Dataset/COVID/images/COVID-2666.png,COVID,3f592e737e71fe91fd147d71d2b6b6db3449e107dad2b04b360d72fb4395f07f
/root/.cache/kagglehub/datasets/tawsifurrahman/covid19-radiography-database/versions/5/COVID-19_Radiography_Dataset/COVID/images/COVID-3599.png,COVID,721d8fddd7dfbe91a023088a5f722bb6b0cc8b1ed3f9326a48e8e216864d7712
/root/.cache/kagglehub/datasets/tawsifurrahman/covid19-radiography-database/versions/5/COVID-19_Radiography_Dataset/COVID/images/COVID-3212.png,COVID,f69684d7e83d9c0a9a55c6fb7a70d07fb055ece01e6176cf408b7af6e987e71d
/root/.cache/kagglehub/datasets/tawsifurrahman/covid19-radiography-database/versions/5/COVID-19_Radiography_Dataset/COVID/images/COVID-2812.png,COVID,018f9fd3a0b986346ef6c18700e9091911415168bca59dbaa70bd25d04e85a43
/root/.cache/kagglehub/datasets/tawsifurrahman/covid19-radiography-database/versions/5/COVID-19_Radiography_Dataset/COVID/images/COVID-2458.png,COVID,53d8ccba34d8eb4fdb3abbe52f08df59afaddd68a456bb64d469d5b252322e08
/root/.cache/kagglehub/datasets/tawsifurrahman/covid19-radiography-database/versions/5/COVID-19_Radiography_Dataset/COVID/images/COVID-3140.png,COVID,afa70e4e90d581b062b77f897d4051df1d5105fab975c32b0232ca7644f93ee4
/root/.cache/kagglehub/datasets/tawsifurrahman/covid19-radiography-database/versions/5/COVID-19_Radiography_Dataset/COVID/images/COVID-2416.png,COVID,71faccf4ae2bcab87ce58e3036f52a55cc15d3b76a73db95912ce93d4e10dd67
/root/.cache/kagglehub/datasets/tawsifurrahman/covid19-radiography-database/versions/5/COVID-19_Radiography_Dataset/COVID/images/COVID-2813.png,COVID,018f9fd3a0b986346ef6c18700e9091911415168bca59dbaa70bd25d04e85a43
/root/.cache/kagglehub/datasets/tawsifurrahman/covid19-radiography-database/versions/5/COVID-19_Radiography_Dataset/COVID/images/COVID-2772.png,COVID,7df0e151c8f765defd5c99739d6e2adc9e3d6471ef0d5f176ba1b5595cb75d16
/root/.cache/kagglehub/datasets/tawsifurrahman/covid19-radiography-database/versions/5/COVID-19_Radiography_Dataset/Normal/images/Normal-818.png,Normal,61424a7d827ef6550f7498babc3e9687891d779faea8587b2a96989f01e01ee4
/root/.cache/kagglehub/datasets/tawsifurrahman/covid19-radiography-database/versions/5/COVID-19_Radiography_Dataset/Viral Pneumonia/images/Viral Pneumonia-118.png,Viral Pneumonia,d5e7b225f4cc4fc40f3ac748d83305fa97b6c6cdfb5ced23652f2754c1d5c7a6
/root/.cache/kagglehub/datasets/tawsifurrahman/covid19-radiography-database/versions/5/COVID-19_Radiography_Dataset/Viral Pneumonia/images/Viral Pneumonia-1053.png,Viral Pneumonia,6dce7e7b16737bacf7c9375e9d636f726241d65307bf116c49dbb4c702c49393
/root/.cache/kagglehub/datasets/tawsifurrahman/covid19-radiography-database/versions/5/COVID-19_Radiography_Dataset/Viral Pneumonia/images/Viral Pneumonia-75.png,Viral Pneumonia,32fc384361eadb4841a5a51e1e3b5eaa33456f2a135e58464bc9e96e616fe54d
/root/.cache/kagglehub/datasets/tawsifurrahman/covid19-radiography-database/versions/5/COVID-19_Radiography_Dataset/Viral Pneumonia/images/Viral Pneumonia-596.png,Viral Pneumonia,c538aad3e389c0486e3a379490769f77752b8ec6d70f1d13b933c51ca3e02936
/root/.cache/kagglehub/datasets/tawsifurrahman/covid19-radiography-database/versions/5/COVID-19_Radiography_Dataset/Viral Pneumonia/images/Viral Pneumonia-954.png,Viral Pneumonia,c70a38c4b47de1e7d2bce1862fee70c351a719cfebc175ad2a44711ee548a442
/root/.cache/kagglehub/datasets/tawsifurrahman/covid19-radiography-database/versions/5/COVID-19_Radiography_Dataset/Viral Pneumonia/images/Viral Pneumonia-295.png,Viral Pneumonia,44d9f6e005084fc4b5b75c9009d1482183ba9fdb26f657ba630769aa3444255a
/root/.cache/kagglehub/datasets/tawsifurrahman/covid19-radiography-database/versions/5/COVID-19_Radiography_Dataset/Viral Pneumonia/images/Viral Pneumonia-250.png,Viral Pneumonia,d47f1d96ff300f87da85aac68b0e3db79530d426987f43c4a412ed7ed59858a5
